{"nstructures": 387897, "element_counts": {"N": 43472, "Zn": 14282, "Ti": 17785, "Y": 10925, "Sn": 15426, "U": 9141, "Ni": 27300, "Zr": 11476, "Ga": 13285, "Gd": 3770, "O": 98013, "P": 16695, "C": 23490, "Th": 6507, "Tc": 7011, "Sb": 16225, "Cd": 10482, "La": 11435, "Te": 12500, "Ag": 10345, "F": 15572, "Cu": 21841, "S": 18755, "B": 15527, "As": 10442, "Ge": 14071, "Li": 24068, "Tl": 8878, "Os": 9601, "Si": 22437, "Mo": 12426, "V": 16601, "Pd": 11702, "Hg": 8659, "Pu": 7954, "W": 13852, "Al": 18405, "Nb": 12676, "Rh": 11803, "Ru": 11516, "Ce": 8434, "Co": 23345, "Au": 11672, "Mg": 30197, "Be": 7307, "Eu": 6277, "Cr": 16465, "Mn": 26080, "Cl": 9976, "Fe": 31496, "Br": 6881, "H": 13649, "Re": 9188, "Cs": 7651, "Lu": 3144, "Se": 12954, "Sr": 14560, "In": 11098, "Pt": 11913, "Sc": 8951, "Ir": 8970, "Hf": 9560, "I": 6155, "K": 12923, "Bi": 12282, "Pa": 4125, "Np": 4785, "Ac": 2526, "Na": 14021, "Rb": 8311, "Ta": 11710, "Ca": 13825, "Pb": 8611, "He": 85, "Kr": 26, "Yb": 5148, "Ba": 10183, "Ho": 2141, "Pm": 997, "Dy": 2004, "Sm": 3394, "Pr": 3389, "Er": 2104, "Tm": 2139, "Tb": 2326, "Nd": 3766, "Xe": 173, "Ar": 3, "Ne": 1}, "cohesive_energy_per_atom": {"counts": [1, 0, 0, 0, 0, 0, 0, 0, 0, 0, 0, 0, 0, 0, 8, 31, 199, 737, 1744, 3737, 6681, 11137, 16321, 21740, 26673, 31886, 36275, 38308, 38434, 35456, 31603, 26364, 20390, 15090, 10996, 6531, 4178, 2262, 835, 185, 38, 28, 16, 10, 2, 0, 0, 0, 0, 1], "bins": [-13.7408266, -13.3929893422, -13.0451520844, -12.6973148266, -12.349477568800001, -12.001640311000001, -11.6538030532, -11.3059657954, -10.9581285376, -10.6102912798, -10.262454022, -9.914616764200002, -9.5667795064, -9.218942248600001, -8.871104990800001, -8.523267733, -8.1754304752, -7.8275932174000005, -7.4797559596, -7.131918701800001, -6.784081444000001, -6.436244186200001, -6.088406928400001, -5.740569670600001, -5.392732412800001, -5.044895155000001, -4.6970578972000006, -4.3492206394, -4.001383381600002, -3.6535461238000018, -3.3057088660000016, -2.9578716082000014, -2.610034350400001, -2.262197092600001, -1.9143598348000008, -1.5665225770000006, -1.2186853192000004, -0.870848061400002, -0.5230108036000019, -0.17517354580000166, 0.17266371199999853, 0.5205009697999987, 0.8683382275999989, 1.216175485399999, 1.5640127431999975, 1.9118500009999977, 2.259687258799998, 2.6075245166, 2.9553617743999983, 3.3031990321999967, 3.6510362900000004]}, "nsites": {"counts": [234358, 70479, 30708, 28481, 10376, 4072, 2654, 5102, 719, 0, 0, 0, 0, 1, 0, 0, 0, 1, 0, 0, 42, 72, 286, 79, 113, 26, 59, 18, 48, 68, 9, 37, 1, 20, 43, 0, 0, 0, 0, 0, 0, 0, 0, 4, 14, 0, 3, 0, 0, 4], "bins": [1.0, 5.78, 10.56, 15.34, 20.12, 24.900000000000002, 29.68, 34.46, 39.24, 44.02, 48.800000000000004, 53.580000000000005, 58.36, 63.14, 67.92, 72.7, 77.48, 82.26, 87.04, 91.82000000000001, 96.60000000000001, 101.38000000000001, 106.16000000000001, 110.94000000000001, 115.72, 120.5, 125.28, 130.06, 134.84, 139.62, 144.4, 149.18, 153.96, 158.74, 163.52, 168.3, 173.08, 177.86, 182.64000000000001, 187.42000000000002, 192.20000000000002, 196.98000000000002, 201.76000000000002, 206.54000000000002, 211.32000000000002, 216.10000000000002, 220.88000000000002, 225.66000000000003, 230.44, 235.22, 240.0]}, "abs_forces": {"counts": [3055137, 2341, 1023, 420, 331, 132, 96, 71, 21, 12, 23, 24, 7, 3, 2, 1, 0, 3, 0, 0, 0, 0, 0, 0, 0, 0, 2, 0, 0, 0, 0, 6, 12, 4, 0, 1, 0, 0, 0, 0, 0, 0, 0, 0, 0, 0, 0, 1, 4, 2], "bins": [0.0, 16.279898247353877, 32.559796494707754, 48.83969474206163, 65.11959298941551, 81.39949123676939, 97.67938948412326, 113.95928773147713, 130.23918597883102, 146.5190842261849, 162.79898247353879, 179.07888072089264, 195.35877896824653, 211.6386772156004, 227.91857546295427, 244.19847371030815, 260.47837195766203, 276.7582702050159, 293.0381684523698, 309.31806669972366, 325.59796494707757, 341.8778631944314, 358.1577614417853, 374.4376596891392, 390.71755793649305, 406.9974561838469, 423.2773544312008, 439.5572526785547, 455.83715092590853, 472.11704917326244, 488.3969474206163, 504.6768456679702, 520.9567439153241, 537.236642162678, 553.5165404100318, 569.7964386573857, 586.0763369047396, 602.3562351520934, 618.6361333994473, 634.9160316468012, 651.1959298941551, 667.4758281415089, 683.7557263888629, 700.0356246362168, 716.3155228835706, 732.5954211309245, 748.8753193782784, 765.1552176256322, 781.4351158729861, 797.71501412034, 813.9949123676939]}, "nelements": {"counts": [5097, 123446, 207104, 42284, 8989, 950, 26, 1], "bins": [0.5, 1.5, 2.5, 3.5, 4.5, 5.5, 6.5, 7.5, 8.5]}}
